Consultas principales,Clics,Impresiones,CTR,Posición
chequear,30,2214,1.36%,4
chequeas,13,557,2.33%,6.54
verificar cheque,5,22,22.73%,5.23
chequeas app,3,54,5.56%,3.69
verificar cheque online gratis,3,6,50%,5.5
chequear cheques,2,20,10%,7.75
cheques denunciados,1,204,0.49%,9.81
consultar cheque,1,34,2.94%,10.32
como saber si un cheque tiene fondos,1,28,3.57%,9.21
ver cheques,1,21,4.76%,10.05
cheque rechazado,1,10,10%,13.2
como averiguar si un cheque es bueno,1,5,20%,9.6
a chequear,0,206,0%,4.13
cheque denunciado,0,158,0%,6.44
verificá,0,124,0%,7.51
consulta de cheques,0,68,0%,17.01
consulta cheques,0,61,0%,16.43
chequees,0,48,0%,8.56
consultar cheques,0,39,0%,10.31
consulta cheque,0,36,0%,5.83
revisar cheques,0,35,0%,11.23
verificar cheques,0,33,0%,10.27
como saber si un cheque es bueno,0,33,0%,13.82
cheque de chequear,0,29,0%,3.9
cómo chequear,0,25,0%,4.8
ver cheques rechazados,0,18,0%,5.89
cheque denunciados,0,18,0%,9.17
consulta de cheques denunciados,0,18,0%,33.39
central de cheques denunciados,0,17,0%,10.12
cheque sin fondos,0,16,0%,8.38
consultar cheques rechazados,0,16,0%,9.94
consulta de cheque,0,16,0%,14.44
chequar,0,15,0%,4.6
historial de cheques,0,15,0%,6.67
cheques posdatados,0,15,0%,10.53
chquear,0,14,0%,3.21
averiguar cheques,0,14,0%,8.14
como saber si un cheque esta denunciado,0,14,0%,9.79
cheque devuelto,0,13,0%,10.92
cheques sin fondos,0,12,0%,10.75
consulta de cheques rechazados,0,12,0%,34.25
chequea app,0,11,0%,6
como saber si un cheque fue cobrado,0,11,0%,9.36
cheque posdatado argentina,0,11,0%,9.73
como averiguar si un cheque tiene fondos,0,11,0%,11.91
cheques de chequear,0,10,0%,3.2
check ar,0,10,0%,6
cheque sin fondo,0,9,0%,9.33
verificar un cheque,0,9,0%,10.44
para chequear,0,8,0%,3.62
chequeara,0,7,0%,3.29
chequesr,0,7,0%,5.43
cheque posdatado,0,7,0%,12.57
como verificar si un cheque tiene fondos,0,6,0%,7.83
como revisar un cheque,0,6,0%,9
revisar cheque,0,6,0%,10.17
echeq rechazado,0,6,0%,27.17
checkear,0,5,0%,1
denuncia de cheques,0,5,0%,10.2
cómo saber si un cheque tiene fondos,0,5,0%,10.4
plazo para demandar un cheque sin fondos argentina,0,4,0%,6
chequea.app,0,4,0%,8.25
cómo saber si un cheque tiene fondo,0,4,0%,8.75
control de cheques,0,4,0%,18
cheques rechazados por cuit,0,4,0%,26.5
rechazo de cheque,0,4,0%,36.5
cheques,0,4,0%,52.75
chequie,0,4,0%,53.5
cheqea app,0,3,0%,4.67
cheques devueltos,0,3,0%,6.33
cómo puedo chequear,0,3,0%,6.33
plazo para demandar un cheque sin fondos,0,3,0%,7
verificacion de cheques,0,3,0%,9.33
cheques sin fondo,0,3,0%,9.67
que pasa si un echeq no tiene fondos,0,3,0%,9.67
cheque rechazado por falta de fondos,0,3,0%,10
como verificar un cheque si tiene fondo,0,3,0%,10.67
como ver cheques rechazados,0,3,0%,15
como recuperar un cheque rechazado,0,3,0%,38
nota de debito por cheque rechazado,0,3,0%,38.67
cheque consulta,0,3,0%,44
como chequear,0,2,0%,1
cheque diferido,0,2,0%,2.5
cheque app,0,2,0%,4
que pasa si doy un cheque sin fondos,0,2,0%,4.5
que es un cheque sin fondos,0,2,0%,5
emision de cheques sin fondos,0,2,0%,6
motivos de rechazo de un cheque,0,2,0%,6.5
que pasa si un cheque no tiene fondos,0,2,0%,6.5
como depositar cheque banco provincia de otro banco,0,2,0%,7
cheque sin fondos consecuencias,0,2,0%,8
como saber si el cheque es bueno,0,2,0%,8.5
central cheques denunciados,0,2,0%,9
cheques rechazados,0,2,0%,9
cheque rebotado,0,2,0%,10
puedo depositar un cheque de otro banco en mi cuenta,0,2,0%,10
que es un cheque rebotado,0,2,0%,10
como saber si mi cheque tiene fondo,0,2,0%,10.5
cheque robado,0,2,0%,11
como consultar cheque,0,2,0%,11
como depositar un cheque de otro banco en mi cuenta,0,2,0%,11.5
como ver si un cheque tiene fondos,0,2,0%,11.5
que es un cheque sin fondo,0,2,0%,11.5
como saber si el cheque tiene fondos,0,2,0%,12
consulta cheques denunciados,0,2,0%,14
cheque cruzado se puede depositar en caja de ahorro,0,2,0%,16
cheque en argentina,0,2,0%,16
controlar cheques,0,2,0%,16.5
banco central cheques denunciados,0,2,0%,18.5
consulta cheques rechazados,0,2,0%,21.5
bcra consulta cheques,0,2,0%,23.5
bcra cheques denunciados,0,2,0%,26
cheque rechazado banco central,0,2,0%,49
apertura cuenta corriente,0,2,0%,49.5
chekear,0,1,0%,1
chequea pais,0,1,0%,1
clearing,0,1,0%,1
concepto de cheque,0,1,0%,1
que datos necesito?,0,1,0%,1
rechazado,0,1,0%,1
chekkar,0,1,0%,2
pago diferido cheque,0,1,0%,2
que hacer si me dan un cheque sin fondos,0,1,0%,2
que significa cheque devuelto bbva,0,1,0%,2
como recuperar un cheque devuelto,0,1,0%,3
ar check,0,1,0%,4
banco central cheques,0,1,0%,4
checar a,0,1,0%,4
cheqear,0,1,0%,4
chequas,0,1,0%,4
cheque,0,1,0%,4
cheque de checar,0,1,0%,4
cheques rechazados bcra,0,1,0%,4
donde ver cheques rechazados,0,1,0%,4
que pasa cuando un cheque no tiene fondos,0,1,0%,5
cheque re,0,1,0%,6
que hacer si un cheque no tiene fondos,0,1,0%,6
ya check,0,1,0%,6
chequem,0,1,0%,7
descargar cheque,0,1,0%,7
que pasa si me dan un cheque sin fondos,0,1,0%,7
que pasa si no cobro un cheque a tiempo,0,1,0%,7
cheque de revisar,0,1,0%,8
contra cheque,0,1,0%,8
bcra cheque denunciado,0,1,0%,9
chequea chequea,0,1,0%,9
cheque denunciado bcra,0,1,0%,10
como saber si tengo cheques sin cobrar,0,1,0%,10
informe cheque denunciado,0,1,0%,10
averiguacion de cheques,0,1,0%,11
chequen de chequear,0,1,0%,11
chequen o chequeen,0,1,0%,11
como averiguar un cheque si es bueno,0,1,0%,11
como saber si un cheque es valido,0,1,0%,11
delito cheque sin fondos,0,1,0%,11
que pasa si deposito un cheque sin fondos,0,1,0%,11
que pasa si me pagan con un cheque sin fondos,0,1,0%,11
causas de rechazo de un cheque,0,1,0%,12
cheque no a la orden,0,1,0%,12
cheque protestado,0,1,0%,12
cheque vencido se puede cobrar argentina,0,1,0%,12
como rastrear un cheque,0,1,0%,12
devolucion de cheque,0,1,0%,12
puedes chequear,0,1,0%,12
cheque rechazados,0,1,0%,13
chequear o checkear,0,1,0%,13
cheque certificado argentina,0,1,0%,19
cheque rechazado bcra,0,1,0%,19
bcra denunciados,0,1,0%,20
cheque certificado,0,1,0%,20
cheque repudiado,0,1,0%,20
cheque de pago diferido argentina,0,1,0%,27
echeq rechazado por falta de fondos,0,1,0%,27
cheques robados,0,1,0%,28
bcra cheque rechazado,0,1,0%,30
cheques que no se pueden endosar,0,1,0%,32
estado de cheques,0,1,0%,33
cheqee,0,1,0%,34
chek,0,1,0%,44
consulta de cheques por cuit,0,1,0%,46
cheque corriente,0,1,0%,51
check eat,0,1,0%,55
check,0,1,0%,65
chequea,0,1,0%,68
checks a,0,1,0%,74
banco central cheques rechazados,0,1,0%,83
posso depositar cheque de outro banco na minha conta,0,1,0%,83